{
  "id": "1839287",
  "name": "视频",
  "font_family": "iconfont",
  "css_prefix_text": "icon-",
  "description": "",
  "glyphs": [
    {
      "icon_id": "795513",
      "name": "视频",
      "font_class": "ai-video",
      "unicode": "e66b",
      "unicode_decimal": 58987
    },
    {
      "icon_id": "14512346",
      "name": "发送",
      "font_class": "fasong1",
      "unicode": "e643",
      "unicode_decimal": 58947
    },
    {
      "icon_id": "15027227",
      "name": "发送",
      "font_class": "fasong",
      "unicode": "e614",
      "unicode_decimal": 58900
    },
    {
      "icon_id": "15027228",
      "name": "切换",
      "font_class": "qiehuan",
      "unicode": "e615",
      "unicode_decimal": 58901
    },
    {
      "icon_id": "15027229",
      "name": "语音",
      "font_class": "yuyin",
      "unicode": "e616",
      "unicode_decimal": 58902
    },
    {
      "icon_id": "15027230",
      "name": "共享屏幕",
      "font_class": "gongxiangpingmu",
      "unicode": "e617",
      "unicode_decimal": 58903
    },
    {
      "icon_id": "15027231",
      "name": "退出",
      "font_class": "tuichu",
      "unicode": "e618",
      "unicode_decimal": 58904
    },
    {
      "icon_id": "15027232",
      "name": "摄像头",
      "font_class": "shexiangtou",
      "unicode": "e619",
      "unicode_decimal": 58905
    },
    {
      "icon_id": "15027233",
      "name": "声音",
      "font_class": "shengyin",
      "unicode": "e61a",
      "unicode_decimal": 58906
    }
  ]
}
